,2h prediction Göttingen,3h prediction Göttingen,4h prediction Göttingen,8h prediction Göttingen,12h prediction Göttingen
BravaisPearson_corr,0.9847597091479827,0.9788982416585521,0.9740385755283195,0.9520837606660332,0.9256989431387013
(E)NSE,0.9695229120468266,0.957803929198583,0.948089583794069,0.9042187179162797,0.8515144478968355
(d)IoA,0.9923403853507263,0.989373395481597,0.9869010784879848,0.975606382890134,0.9617458226817193
(E)NSE_mod_J=3,0.9848522910866917,0.9788905918701266,0.9742675209810672,0.9465112600443186,0.9023178462626938
(d)IoA_mod_J=3,0.9980910515812917,0.9973275400998295,0.996725332198843,0.9930013041927572,0.9867497605567507
(E)NSE_rel,0.9819622934856498,0.9748590806285251,0.969283157021654,0.9498901209419347,0.9313942666619885
(d)IoA_rel,0.9954666967766442,0.9936685430108637,0.9922490023259671,0.9872379949759318,0.9823251767529574
